timestamp,simple-path,time
2021-06-04 22:05:05.763,/master/welcome,522
2021-06-04 22:05:06.205,/master/welcome,386
2021-06-04 22:05:06.973,/master/sign-in,592
2021-06-04 22:05:08.283,/master/welcome,596
2021-06-04 22:05:11.082,/master/welcome,280
2021-06-04 22:05:11.799,/master/welcome,608
2021-06-04 22:05:12.208,/master/welcome,268
2021-06-04 22:05:13.298,/master/welcome,347
2021-06-04 22:05:13.595,/master/welcome,268
2021-06-04 22:05:14.313,/master/sign-in,592
2021-06-04 22:05:15.618,/master/welcome,596
2021-06-04 22:05:16.275,/master/welcome,300
2021-06-04 22:05:16.99,/master/welcome,594
2021-06-04 22:05:17.286,/master/welcome,228
2021-06-04 22:05:17.6,/master/welcome,283
2021-06-04 22:05:18.302,/master/sign-in,596
2021-06-04 22:05:19.612,/master/welcome,595
2021-06-04 22:05:22.099,/master/welcome,1171
2021-06-04 22:05:23.414,/administrator/user-account/list,1142
2021-06-04 22:05:24.244,/administrator/user-account/show,591
2021-06-04 22:05:24.722,/master/welcome,348
2021-06-04 22:05:25.489,/master/welcome,643
2021-06-04 22:05:29.746,/master/welcome,436
2021-06-04 22:05:30.109,/master/welcome,320
2021-06-04 22:05:30.813,/master/sign-in,596
2021-06-04 22:05:32.182,/master/welcome,620
2021-06-04 22:05:34.473,/master/welcome,327
2021-06-04 22:05:35.177,/master/welcome,593
2021-06-04 22:05:35.513,/master/welcome,251
2021-06-04 22:05:35.847,/master/welcome,296
2021-06-04 22:05:36.599,/master/sign-in,640
2021-06-04 22:05:37.916,/master/welcome,597
2021-06-04 22:05:38.724,/administrator/user-account/list,593
2021-06-04 22:05:40.233,/administrator/user-account/show,598
2021-06-04 22:05:40.936,/master/welcome,286
2021-06-04 22:05:41.639,/master/welcome,592
2021-06-04 22:05:41.971,/master/welcome,248
2021-06-04 22:05:42.263,/master/welcome,261
2021-06-04 22:05:42.971,/master/sign-in,594
2021-06-04 22:05:44.283,/master/welcome,593
2021-06-04 22:05:45.096,/administrator/user-account/list,597
2021-06-04 22:05:46.609,/administrator/user-account/show,597
2021-06-04 22:05:47.301,/master/welcome,280
2021-06-04 22:05:48.002,/master/welcome,593
2021-06-04 22:05:48.316,/master/welcome,245
2021-06-04 22:05:48.583,/master/welcome,228
2021-06-04 22:05:49.293,/master/sign-in,592
2021-06-04 22:05:50.61,/master/welcome,593
2021-06-04 22:05:51.434,/administrator/user-account/list,595
2021-06-04 22:05:52.941,/administrator/user-account/show,590
2021-06-04 22:05:53.693,/master/welcome,255
2021-06-04 22:05:54.405,/master/welcome,589
2021-06-04 22:05:54.718,/master/welcome,238
2021-06-04 22:05:55.295,/master/welcome,237
2021-06-04 22:05:55.56,/master/welcome,234
2021-06-04 22:05:56.268,/master/sign-in,595
2021-06-04 22:05:57.543,/master/welcome,594
2021-06-04 22:05:58.111,/master/welcome,253
2021-06-04 22:05:58.851,/master/welcome,592
2021-06-04 22:06:02.968,/master/welcome,345
2021-06-04 22:06:03.292,/master/welcome,301
2021-06-04 22:06:03.988,/master/sign-in,588
2021-06-04 22:06:05.265,/master/welcome,594
2021-06-04 22:06:07.472,/master/welcome,272
2021-06-04 22:06:08.172,/master/welcome,594
2021-06-04 22:06:08.486,/master/welcome,243
2021-06-04 22:06:09.265,/anonymous/workplan/list,604
2021-06-04 22:06:10.873,/anonymous/workplan/show,617
2021-06-04 22:06:11.522,/master/welcome,346
2021-06-04 22:06:12.302,/anonymous/workplan/list,590
2021-06-04 22:06:13.778,/anonymous/workplan/show,593
2021-06-04 22:06:14.305,/master/welcome,233
2021-06-04 22:06:14.58,/master/welcome,244
2021-06-04 22:06:15.309,/master/sign-in,592
2021-06-04 22:06:16.587,/master/welcome,594
2021-06-04 22:06:17.152,/master/welcome,250
2021-06-04 22:06:17.848,/master/welcome,593
2021-06-04 22:06:18.146,/master/welcome,227
2021-06-04 22:06:18.413,/master/welcome,245
2021-06-04 22:06:19.114,/master/sign-in,592
2021-06-04 22:06:20.423,/master/welcome,598
2021-06-04 22:06:21.053,/master/welcome,286
2021-06-04 22:06:21.752,/master/welcome,594
2021-06-04 22:06:25.831,/master/welcome,383
2021-06-04 22:06:26.126,/master/welcome,272
2021-06-04 22:06:26.823,/master/sign-in,589
2021-06-04 22:06:28.137,/master/welcome,596
2021-06-04 22:06:30.347,/master/welcome,267
2021-06-04 22:06:31.064,/master/welcome,593
2021-06-04 22:06:31.406,/master/welcome,272
2021-06-04 22:06:31.687,/master/welcome,257
2021-06-04 22:06:32.394,/master/sign-in,604
2021-06-04 22:06:33.77,/master/welcome,596
2021-06-04 22:06:34.598,/administrator/threshold/list,613
2021-06-04 22:06:35.677,/administrator/threshold/show,610
2021-06-04 22:06:36.49,/administrator/threshold/list,622
2021-06-04 22:06:37.708,/master/welcome,594
2021-06-04 22:06:38.04,/master/welcome,298
2021-06-04 22:06:38.738,/master/welcome,591
2021-06-04 22:06:39.117,/master/welcome,302
2021-06-04 22:06:39.432,/master/welcome,278
2021-06-04 22:06:40.132,/master/sign-in,595
2021-06-04 22:06:41.424,/master/welcome,612
2021-06-04 22:06:42.24,/administrator/threshold/list,600
2021-06-04 22:06:43.283,/administrator/threshold/show,597
2021-06-04 22:06:44.066,/administrator/threshold/list,593
2021-06-04 22:06:45.256,/master/welcome,595
2021-06-04 22:06:45.567,/master/welcome,288
2021-06-04 22:06:46.317,/master/welcome,639
2021-06-04 22:06:46.614,/master/welcome,229
2021-06-04 22:06:46.881,/master/welcome,241
2021-06-04 22:06:47.585,/master/sign-in,597
2021-06-04 22:06:48.93,/master/welcome,591
2021-06-04 22:06:49.736,/administrator/threshold/list,595
2021-06-04 22:06:50.785,/administrator/threshold/show,580
2021-06-04 22:06:51.55,/administrator/threshold/update,595
2021-06-04 22:06:52.19,/master/welcome,254
2021-06-04 22:06:52.888,/master/welcome,592
2021-06-04 22:06:53.189,/master/welcome,223
2021-06-04 22:06:53.46,/master/welcome,242
2021-06-04 22:06:54.16,/master/sign-in,594
2021-06-04 22:06:55.467,/master/welcome,591
2021-06-04 22:06:56.277,/administrator/threshold/list,594
2021-06-04 22:06:57.336,/administrator/threshold/show,591
2021-06-04 22:06:58.123,/administrator/threshold/update,594
2021-06-04 22:06:58.789,/master/welcome,263
2021-06-04 22:06:59.485,/master/welcome,589
2021-06-04 22:06:59.808,/master/welcome,235
2021-06-04 22:07:00.508,/master/welcome,284
2021-06-04 22:07:00.828,/master/welcome,282
2021-06-04 22:07:01.528,/master/sign-in,593
2021-06-04 22:07:02.805,/master/welcome,598
2021-06-04 22:07:03.356,/master/welcome,245
2021-06-04 22:07:04.057,/master/welcome,589
2021-06-04 22:07:08.221,/master/welcome,399
2021-06-04 22:07:08.564,/master/welcome,307
2021-06-04 22:07:09.271,/master/sign-in,599
2021-06-04 22:07:10.57,/master/welcome,599
2021-06-04 22:07:12.77,/master/welcome,246
2021-06-04 22:07:13.468,/master/welcome,591
2021-06-04 22:07:13.796,/master/welcome,247
2021-06-04 22:07:14.138,/master/welcome,311
2021-06-04 22:07:14.855,/master/sign-in,601
2021-06-04 22:07:16.21,/master/welcome,592
2021-06-04 22:07:17.023,/administrator/threshold/list,595
2021-06-04 22:07:18.081,/administrator/threshold/show,594
2021-06-04 22:07:18.393,/master/welcome,219
2021-06-04 22:07:19.09,/master/welcome,588
2021-06-04 22:07:19.405,/master/welcome,240
2021-06-04 22:07:20.244,/master/welcome,397
2021-06-04 22:07:20.58,/master/welcome,311
2021-06-04 22:07:21.281,/master/sign-in,594
2021-06-04 22:07:22.574,/master/welcome,594
2021-06-04 22:07:23.172,/master/welcome,284
2021-06-04 22:07:23.872,/master/welcome,593
2021-06-04 22:07:28.058,/master/welcome,387
2021-06-04 22:07:28.368,/master/welcome,291
2021-06-04 22:07:29.07,/master/sign-in,594
2021-06-04 22:07:30.377,/master/welcome,596
2021-06-04 22:07:32.615,/master/welcome,285
2021-06-04 22:07:33.314,/master/welcome,590
2021-06-04 22:07:33.646,/master/welcome,252
2021-06-04 22:07:33.937,/master/welcome,266
2021-06-04 22:07:34.639,/master/sign-in,594
2021-06-04 22:07:35.968,/master/welcome,593
2021-06-04 22:07:37.34,/administrator/dashboardwp/list,1155
2021-06-04 22:07:37.808,/master/welcome,257
2021-06-04 22:07:38.51,/master/welcome,594
2021-06-04 22:07:38.808,/master/welcome,225
2021-06-04 22:07:39.145,/master/welcome,303
2021-06-04 22:07:39.957,/master/sign-in,614
2021-06-04 22:07:41.267,/master/welcome,593
2021-06-04 22:07:42.082,/manageracc/workplan/list,599
2021-06-04 22:07:43.469,/manageracc/workplan/show,1144
2021-06-04 22:07:44.263,/manageracc/workplan/list,638
2021-06-04 22:07:44.617,/master/welcome,326
2021-06-04 22:07:45.317,/master/welcome,595
2021-06-04 22:07:45.6,/master/welcome,222
2021-06-04 22:07:46.298,/master/sign-in,592
2021-06-04 22:07:47.609,/master/welcome,595
2021-06-04 22:07:48.452,/administrator/dashboardwp/list,597
2021-06-04 22:07:48.923,/master/welcome,253
2021-06-04 22:07:49.621,/master/welcome,592
2021-06-04 22:07:49.952,/master/welcome,258
2021-06-04 22:07:50.235,/master/welcome,257
2021-06-04 22:07:50.936,/master/sign-in,597
2021-06-04 22:07:52.2,/master/welcome,596
2021-06-04 22:07:53.0,/manageracc/workplan/list,586
2021-06-04 22:07:53.827,/manageracc/workplan/show,594
2021-06-04 22:07:54.483,/manageracc/workplan/list,598
2021-06-04 22:07:54.761,/master/welcome,252
2021-06-04 22:07:55.457,/master/welcome,586
2021-06-04 22:07:55.72,/master/welcome,210
2021-06-04 22:07:56.425,/master/sign-in,593
2021-06-04 22:07:57.747,/master/welcome,594
2021-06-04 22:07:58.552,/administrator/dashboardwp/list,597
2021-06-04 22:07:59.018,/master/welcome,253
2021-06-04 22:07:59.72,/master/welcome,593
2021-06-04 22:08:00.041,/master/welcome,248
2021-06-04 22:08:00.662,/master/welcome,250
2021-06-04 22:08:00.944,/master/welcome,256
2021-06-04 22:08:01.646,/master/sign-in,594
2021-06-04 22:08:02.952,/master/welcome,592
2021-06-04 22:08:03.544,/master/welcome,251
2021-06-04 22:08:04.247,/master/welcome,595
2021-06-04 22:08:08.386,/master/welcome,354
2021-06-04 22:08:08.724,/master/welcome,317
2021-06-04 22:08:09.424,/master/sign-in,591
2021-06-04 22:08:10.717,/master/welcome,594
2021-06-04 22:08:12.922,/master/welcome,251
2021-06-04 22:08:13.613,/master/welcome,582
2021-06-04 22:08:13.927,/master/welcome,238
2021-06-04 22:08:14.208,/master/welcome,256
2021-06-04 22:08:14.909,/master/sign-in,595
2021-06-04 22:08:16.256,/master/welcome,594
2021-06-04 22:08:17.069,/manageracc/workplan/create,598
2021-06-04 22:08:17.995,/master/welcome,597
2021-06-04 22:08:18.759,/manageracc/workplan/list,593
2021-06-04 22:08:20.297,/manageracc/workplan/show,602
2021-06-04 22:08:20.747,/master/welcome,236
2021-06-04 22:08:21.447,/master/welcome,593
2021-06-04 22:08:21.779,/master/welcome,257
2021-06-04 22:08:22.062,/master/welcome,250
2021-06-04 22:08:22.765,/master/sign-in,596
2021-06-04 22:08:24.08,/master/welcome,596
2021-06-04 22:08:24.907,/manageracc/workplan/create,594
2021-06-04 22:08:25.846,/master/welcome,593
2021-06-04 22:08:26.615,/manageracc/workplan/list,599
2021-06-04 22:08:28.091,/manageracc/workplan/show,595
2021-06-04 22:08:28.591,/master/welcome,225
2021-06-04 22:08:29.288,/master/welcome,589
2021-06-04 22:08:29.573,/master/welcome,209
2021-06-04 22:08:29.832,/master/welcome,235
2021-06-04 22:08:30.536,/master/sign-in,596
2021-06-04 22:08:31.812,/master/welcome,590
2021-06-04 22:08:32.655,/manageracc/workplan/create,596
2021-06-04 22:08:33.608,/manageracc/workplan/create,610
2021-06-04 22:08:33.891,/master/welcome,226
2021-06-04 22:08:34.589,/master/welcome,591
2021-06-04 22:08:34.902,/master/welcome,241
2021-06-04 22:08:35.168,/master/welcome,236
2021-06-04 22:08:35.872,/master/sign-in,594
2021-06-04 22:08:37.182,/master/welcome,613
2021-06-04 22:08:38.006,/manageracc/workplan/create,607
2021-06-04 22:08:38.941,/manageracc/workplan/create,594
2021-06-04 22:08:39.221,/master/welcome,225
2021-06-04 22:08:39.922,/master/welcome,593
2021-06-04 22:08:40.233,/master/welcome,240
2021-06-04 22:08:40.518,/master/welcome,250
2021-06-04 22:08:41.221,/master/sign-in,595
2021-06-04 22:08:42.533,/master/welcome,591
2021-06-04 22:08:43.348,/manageracc/workplan/create,595
2021-06-04 22:08:44.252,/manageracc/workplan/create,594
2021-06-04 22:08:44.551,/master/welcome,232
2021-06-04 22:08:45.251,/master/welcome,592
2021-06-04 22:08:45.611,/master/welcome,283
2021-06-04 22:08:45.892,/master/welcome,253
2021-06-04 22:08:46.597,/master/sign-in,590
2021-06-04 22:08:47.871,/master/welcome,594
2021-06-04 22:08:48.685,/manageracc/workplan/create,596
2021-06-04 22:08:49.567,/manageracc/workplan/create,592
2021-06-04 22:08:49.867,/master/welcome,236
2021-06-04 22:08:50.565,/master/welcome,591
2021-06-04 22:08:54.744,/master/welcome,418
2021-06-04 22:08:55.078,/master/welcome,300
2021-06-04 22:08:55.775,/master/sign-in,585
2021-06-04 22:08:57.087,/master/welcome,595
2021-06-04 22:08:59.302,/master/welcome,269
2021-06-04 22:09:00.003,/master/welcome,593
2021-06-04 22:09:00.313,/master/welcome,235
2021-06-04 22:09:00.596,/master/welcome,261
2021-06-04 22:09:01.332,/master/sign-in,615
2021-06-04 22:09:02.617,/master/welcome,594
2021-06-04 22:09:03.428,/manageracc/workplan/list,597
2021-06-04 22:09:04.502,/manageracc/workplan/show,612
2021-06-04 22:09:05.154,/manageracc/workplan/list,588
2021-06-04 22:09:05.687,/master/welcome,211
2021-06-04 22:09:06.388,/master/welcome,592
2021-06-04 22:09:06.714,/master/welcome,250
2021-06-04 22:09:07.012,/master/welcome,269
2021-06-04 22:09:07.707,/master/sign-in,590
2021-06-04 22:09:09.018,/master/welcome,591
2021-06-04 22:09:09.873,/manageracc/workplan/list,628
2021-06-04 22:09:10.935,/manageracc/workplan/show,594
2021-06-04 22:09:11.601,/manageracc/workplan/list,600
2021-06-04 22:09:12.063,/master/welcome,213
2021-06-04 22:09:12.769,/master/welcome,597
2021-06-04 22:09:13.069,/master/welcome,232
2021-06-04 22:09:13.333,/master/welcome,233
2021-06-04 22:09:14.1,/master/sign-in,643
2021-06-04 22:09:15.361,/master/welcome,596
2021-06-04 22:09:15.922,/master/welcome,243
2021-06-04 22:09:16.622,/master/welcome,592
2021-06-04 22:09:16.921,/master/welcome,230
2021-06-04 22:09:17.178,/master/welcome,228
2021-06-04 22:09:17.876,/master/sign-in,597
2021-06-04 22:09:19.188,/master/welcome,626
2021-06-04 22:09:19.724,/master/welcome,246
2021-06-04 22:09:20.425,/master/welcome,593
2021-06-04 22:09:20.745,/master/welcome,236
2021-06-04 22:09:21.006,/master/welcome,233
2021-06-04 22:09:21.706,/master/sign-in,594
2021-06-04 22:09:22.999,/master/welcome,593
2021-06-04 22:09:23.581,/master/welcome,259
2021-06-04 22:09:24.289,/master/welcome,587
2021-06-04 22:09:24.602,/master/welcome,229
2021-06-04 22:09:25.148,/master/welcome,212
2021-06-04 22:09:25.41,/master/welcome,232
2021-06-04 22:09:26.11,/master/sign-in,595
2021-06-04 22:09:27.396,/master/welcome,598
2021-06-04 22:09:28.35,/master/welcome,592
2021-06-04 22:09:29.113,/manageracc/workplan/list,591
2021-06-04 22:09:30.017,/master/welcome,222
2021-06-04 22:09:30.722,/master/welcome,591
2021-06-04 22:09:31.023,/master/welcome,230
2021-06-04 22:09:31.276,/master/welcome,228
2021-06-04 22:09:31.988,/master/sign-in,596
2021-06-04 22:09:33.267,/master/welcome,591
2021-06-04 22:09:34.206,/master/welcome,597
2021-06-04 22:09:34.97,/manageracc/workplan/list,595
2021-06-04 22:09:35.91,/master/welcome,247
2021-06-04 22:09:36.666,/master/welcome,595
2021-06-04 22:09:40.782,/master/welcome,359
2021-06-04 22:09:41.107,/master/welcome,292
2021-06-04 22:09:41.804,/master/sign-in,589
2021-06-04 22:09:43.1,/master/welcome,595
2021-06-04 22:09:45.344,/master/welcome,302
2021-06-04 22:09:46.053,/master/welcome,594
2021-06-04 22:09:46.378,/master/welcome,256
2021-06-04 22:09:46.649,/master/welcome,240
2021-06-04 22:09:47.378,/master/sign-in,629
2021-06-04 22:09:48.641,/master/welcome,592
2021-06-04 22:09:49.453,/manageracc/workplan/list,597
2021-06-04 22:09:50.277,/manageracc/workplan/show,593
2021-06-04 22:09:51.305,/manageracc/workplan/list,597
2021-06-04 22:09:52.177,/manageracc/workplan/show,593
2021-06-04 22:09:52.552,/master/welcome,266
2021-06-04 22:09:52.835,/master/welcome,256
2021-06-04 22:09:53.536,/master/sign-in,595
2021-06-04 22:09:54.832,/master/welcome,597
2021-06-04 22:09:55.651,/manageracc/workplan/list,592
2021-06-04 22:09:56.503,/manageracc/workplan/show,596
2021-06-04 22:09:57.538,/manageracc/workplan/list,595
2021-06-04 22:09:58.355,/manageracc/workplan/show,583
2021-06-04 22:09:58.764,/master/welcome,305
2021-06-04 22:09:59.047,/master/welcome,252
2021-06-04 22:09:59.76,/master/sign-in,591
2021-06-04 22:10:01.09,/master/welcome,592
2021-06-04 22:10:01.889,/manageracc/workplan/list,581
2021-06-04 22:10:02.705,/manageracc/workplan/show,585
2021-06-04 22:10:03.676,/manageracc/workplan/add_task,594
2021-06-04 22:10:04.02,/master/welcome,264
2021-06-04 22:10:04.323,/master/welcome,272
2021-06-04 22:10:05.044,/master/sign-in,610
2021-06-04 22:10:06.372,/master/welcome,597
2021-06-04 22:10:07.188,/manageracc/workplan/list,596
2021-06-04 22:10:08.013,/manageracc/workplan/show,595
2021-06-04 22:10:08.98,/manageracc/workplan/add_task,596
2021-06-04 22:10:13.136,/master/welcome,339
2021-06-04 22:10:13.436,/master/welcome,266
2021-06-04 22:10:14.136,/master/sign-in,591
2021-06-04 22:10:15.412,/master/welcome,589
2021-06-04 22:10:17.597,/master/welcome,236
2021-06-04 22:10:18.288,/master/welcome,584
2021-06-04 22:10:18.632,/master/welcome,269
2021-06-04 22:10:18.94,/master/welcome,278
2021-06-04 22:10:19.672,/master/sign-in,585
2021-06-04 22:10:20.958,/master/welcome,597
2021-06-04 22:10:21.783,/manageracc/workplan/list,597
2021-06-04 22:10:22.607,/manageracc/workplan/show,591
2021-06-04 22:10:23.548,/manageracc/workplan/list,597
2021-06-04 22:10:24.314,/master/welcome,224
2021-06-04 22:10:25.011,/master/welcome,591
2021-06-04 22:10:25.346,/master/welcome,254
2021-06-04 22:10:25.651,/master/welcome,288
2021-06-04 22:10:26.351,/master/sign-in,597
2021-06-04 22:10:27.644,/master/welcome,592
2021-06-04 22:10:28.524,/manageracc/workplan/list,594
2021-06-04 22:10:29.35,/manageracc/workplan/show,595
2021-06-04 22:10:30.314,/manageracc/workplan/list,608
2021-06-04 22:10:31.05,/master/welcome,255
2021-06-04 22:10:31.748,/master/welcome,589
2021-06-04 22:10:32.067,/master/welcome,241
2021-06-04 22:10:32.33,/master/welcome,240
2021-06-04 22:10:33.046,/master/sign-in,614
2021-06-04 22:10:34.343,/master/welcome,596
2021-06-04 22:10:35.151,/manageracc/workplan/list,591
2021-06-04 22:10:35.979,/manageracc/workplan/show,594
2021-06-04 22:10:36.917,/manageracc/workplan/update,596
2021-06-04 22:10:37.228,/master/welcome,239
2021-06-04 22:10:37.483,/master/welcome,223
2021-06-04 22:10:38.183,/master/sign-in,591
2021-06-04 22:10:39.467,/master/welcome,596
2021-06-04 22:10:40.268,/manageracc/workplan/list,582
2021-06-04 22:10:41.159,/manageracc/workplan/show,600
2021-06-04 22:10:42.099,/manageracc/workplan/update,598
2021-06-04 22:10:42.411,/master/welcome,237
2021-06-04 22:10:42.697,/master/welcome,252
2021-06-04 22:10:43.394,/master/sign-in,589
2021-06-04 22:10:44.69,/master/welcome,593
2021-06-04 22:10:45.54,/manageracc/workplan/list,597
2021-06-04 22:10:46.362,/manageracc/workplan/show,592
2021-06-04 22:10:47.256,/manageracc/workplan/update,595
2021-06-04 22:10:47.584,/master/welcome,253
2021-06-04 22:10:47.851,/master/welcome,244
2021-06-04 22:10:48.584,/master/sign-in,595
2021-06-04 22:10:49.86,/master/welcome,594
2021-06-04 22:10:50.67,/manageracc/workplan/list,593
2021-06-04 22:10:51.502,/manageracc/workplan/show,602
2021-06-04 22:10:52.395,/manageracc/workplan/update,598
2021-06-04 22:10:56.404,/master/welcome,359
2021-06-04 22:10:56.729,/master/welcome,296
2021-06-04 22:10:57.427,/master/sign-in,591
2021-06-04 22:10:58.71,/master/welcome,593
2021-06-04 22:11:00.899,/master/welcome,231
2021-06-04 22:11:01.591,/master/welcome,583
2021-06-04 22:11:01.897,/master/welcome,234
2021-06-04 22:11:02.179,/master/welcome,251
2021-06-04 22:11:02.886,/master/sign-in,598
2021-06-04 22:11:04.22,/master/welcome,600
2021-06-04 22:11:05.021,/manageracc/workplan/list,585
2021-06-04 22:11:06.531,/manageracc/workplan/show,592
2021-06-04 22:11:07.029,/master/welcome,231
2021-06-04 22:11:07.744,/master/welcome,606
2021-06-04 22:11:08.089,/master/welcome,268
2021-06-04 22:11:08.372,/master/welcome,253
2021-06-04 22:11:09.071,/master/sign-in,593
2021-06-04 22:11:10.365,/master/welcome,595
2021-06-04 22:11:11.176,/manageracc/workplan/list,592
2021-06-04 22:11:12.7,/manageracc/workplan/show,591
2021-06-04 22:11:13.248,/master/welcome,257
2021-06-04 22:11:13.944,/master/welcome,590
2021-06-04 22:11:14.257,/master/welcome,229
2021-06-04 22:11:14.82,/master/welcome,230
2021-06-04 22:11:15.147,/master/welcome,299
2021-06-04 22:11:15.868,/master/sign-in,615
2021-06-04 22:11:17.147,/master/welcome,598
2021-06-04 22:11:17.774,/master/welcome,284
2021-06-04 22:11:18.474,/master/welcome,593
2021-06-04 22:11:22.481,/master/welcome,340
2021-06-04 22:11:22.835,/master/welcome,325
2021-06-04 22:11:23.539,/master/sign-in,598
2021-06-04 22:11:24.834,/master/welcome,593
2021-06-04 22:11:27.096,/master/welcome,266
2021-06-04 22:11:27.797,/master/welcome,595
2021-06-04 22:11:28.108,/master/welcome,240
2021-06-04 22:11:28.375,/master/welcome,242
2021-06-04 22:11:29.127,/master/sign-in,630
2021-06-04 22:11:30.409,/master/welcome,598
2021-06-04 22:11:31.215,/manageracc/workplan/list,592
2021-06-04 22:11:32.035,/manageracc/workplan/show,589
2021-06-04 22:11:32.693,/manageracc/workplan/list,593
2021-06-04 22:11:33.531,/manageracc/workplan/show,599
2021-06-04 22:11:33.85,/master/welcome,231
2021-06-04 22:11:34.551,/master/welcome,592
2021-06-04 22:11:34.85,/master/welcome,226
2021-06-04 22:11:35.115,/master/welcome,245
2021-06-04 22:11:35.812,/master/sign-in,591
2021-06-04 22:11:37.112,/master/welcome,595
2021-06-04 22:11:37.93,/manageracc/workplan/list,605
2021-06-04 22:11:38.754,/manageracc/workplan/show,592
2021-06-04 22:11:39.411,/manageracc/workplan/list,596
2021-06-04 22:11:40.236,/manageracc/workplan/show,591
2021-06-04 22:11:40.534,/master/welcome,201
2021-06-04 22:11:41.234,/master/welcome,593
2021-06-04 22:11:41.519,/master/welcome,213
2021-06-04 22:11:41.795,/master/welcome,245
2021-06-04 22:11:42.502,/master/sign-in,597
2021-06-04 22:11:43.762,/master/welcome,595
2021-06-04 22:11:44.575,/manageracc/workplan/list,596
2021-06-04 22:11:45.392,/manageracc/workplan/show,584
2021-06-04 22:11:46.049,/manageracc/workplan/publish,604
2021-06-04 22:11:50.19,/master/welcome,398
2021-06-04 22:11:50.503,/master/welcome,276
2021-06-04 22:11:51.201,/master/sign-in,591
2021-06-04 22:11:52.502,/master/welcome,596
2021-06-04 22:11:54.737,/master/welcome,245
2021-06-04 22:11:55.433,/master/welcome,589
2021-06-04 22:11:55.778,/master/welcome,266
2021-06-04 22:11:56.059,/master/welcome,256
2021-06-04 22:11:56.827,/master/sign-in,643
2021-06-04 22:11:58.154,/master/welcome,594
2021-06-04 22:11:58.969,/manageracc/workplan/list,600
2021-06-04 22:11:59.782,/manageracc/workplan/show,583
2021-06-04 22:12:01.233,/manageracc/workplan/show,598
2021-06-04 22:12:01.546,/master/welcome,215
2021-06-04 22:12:01.827,/master/welcome,250
2021-06-04 22:12:02.531,/master/sign-in,593
2021-06-04 22:12:03.826,/master/welcome,595
2021-06-04 22:12:04.639,/manageracc/workplan/list,597
2021-06-04 22:12:05.514,/manageracc/workplan/show,619
2021-06-04 22:12:07.005,/manageracc/workplan/show,595
2021-06-04 22:12:07.332,/master/welcome,227
2021-06-04 22:12:07.614,/master/welcome,253
2021-06-04 22:12:08.314,/master/sign-in,591
2021-06-04 22:12:09.585,/master/welcome,595
2021-06-04 22:12:14.004,/master/welcome,360
2021-06-04 22:12:14.344,/master/welcome,308
2021-06-04 22:12:15.047,/master/sign-in,592
2021-06-04 22:12:16.343,/master/welcome,595
2021-06-04 22:12:18.537,/master/welcome,262
2021-06-04 22:12:19.239,/master/welcome,592
2021-06-04 22:12:19.566,/master/welcome,248
2021-06-04 22:12:20.04,/master/welcome,442
2021-06-04 22:12:21.337,/master/sign-in,1172
2021-06-04 22:12:22.618,/master/welcome,593
2021-06-04 22:12:23.441,/authenticated/task/list,607
2021-06-04 22:12:25.372,/authenticated/task/show,597
2021-06-04 22:12:25.991,/master/welcome,229
2021-06-04 22:12:26.69,/master/welcome,591
2021-06-04 22:12:27.006,/master/welcome,231
2021-06-04 22:12:27.301,/master/welcome,268
2021-06-04 22:12:28.001,/master/sign-in,594
2021-06-04 22:12:29.313,/master/welcome,593
2021-06-04 22:12:30.143,/authenticated/task/list,596
2021-06-04 22:12:32.059,/authenticated/task/show,593
2021-06-04 22:12:32.685,/master/welcome,218
2021-06-04 22:12:33.387,/master/welcome,590
2021-06-04 22:12:33.702,/master/welcome,242
2021-06-04 22:12:38.141,/master/welcome,355
2021-06-04 22:12:38.493,/master/welcome,327
2021-06-04 22:12:39.193,/master/sign-in,590
2021-06-04 22:12:40.484,/master/welcome,594
2021-06-04 22:12:42.66,/master/welcome,244
2021-06-04 22:12:43.363,/master/welcome,592
2021-06-04 22:12:43.696,/master/welcome,256
2021-06-04 22:12:44.002,/master/welcome,281
2021-06-04 22:12:44.697,/master/sign-in,587
2021-06-04 22:12:46.029,/master/welcome,594
2021-06-04 22:12:47.378,/manageracc/task/create,1129
2021-06-04 22:12:48.719,/master/welcome,606
2021-06-04 22:12:49.582,/manageracc/task/list,626
2021-06-04 22:12:51.297,/manageracc/task/show,595
2021-06-04 22:12:51.969,/master/welcome,226
2021-06-04 22:12:52.668,/master/welcome,592
2021-06-04 22:12:53.016,/master/welcome,270
2021-06-04 22:12:53.339,/master/welcome,293
2021-06-04 22:12:54.045,/master/sign-in,595
2021-06-04 22:12:55.357,/master/welcome,599
2021-06-04 22:12:56.171,/manageracc/task/create,594
2021-06-04 22:12:57.544,/master/welcome,602
2021-06-04 22:12:58.348,/manageracc/task/list,593
2021-06-04 22:13:00.064,/manageracc/task/show,595
2021-06-04 22:13:00.739,/master/welcome,232
2021-06-04 22:13:01.436,/master/welcome,590
2021-06-04 22:13:01.804,/master/welcome,282
2021-06-04 22:13:02.113,/master/welcome,274
2021-06-04 22:13:02.83,/master/sign-in,596
2021-06-04 22:13:04.123,/master/welcome,594
2021-06-04 22:13:04.935,/manageracc/task/create,598
2021-06-04 22:13:06.124,/manageracc/task/create,596
2021-06-04 22:13:06.411,/master/welcome,232
2021-06-04 22:13:07.158,/master/welcome,591
2021-06-04 22:13:07.482,/master/welcome,257
2021-06-04 22:13:07.764,/master/welcome,252
2021-06-04 22:13:08.464,/master/sign-in,593
2021-06-04 22:13:09.767,/master/welcome,595
2021-06-04 22:13:10.573,/manageracc/task/create,586
2021-06-04 22:13:11.938,/manageracc/task/create,596
2021-06-04 22:13:12.221,/master/welcome,218
2021-06-04 22:13:12.924,/master/welcome,593
2021-06-04 22:13:13.267,/master/welcome,276
2021-06-04 22:13:13.55,/master/welcome,251
2021-06-04 22:13:14.253,/master/sign-in,599
2021-06-04 22:13:15.54,/master/welcome,596
2021-06-04 22:13:16.349,/manageracc/task/create,596
2021-06-04 22:13:17.675,/manageracc/task/create,592
2021-06-04 22:13:17.988,/master/welcome,255
2021-06-04 22:13:18.69,/master/welcome,594
2021-06-04 22:13:19.022,/master/welcome,257
2021-06-04 22:13:19.381,/master/welcome,328
2021-06-04 22:13:20.116,/master/sign-in,597
2021-06-04 22:13:21.417,/master/welcome,599
2021-06-04 22:13:22.226,/manageracc/task/create,596
2021-06-04 22:13:23.624,/manageracc/task/create,628
2021-06-04 22:13:23.901,/master/welcome,222
2021-06-04 22:13:24.615,/master/welcome,607
2021-06-04 22:13:28.778,/master/welcome,396
2021-06-04 22:13:29.136,/master/welcome,329
2021-06-04 22:13:29.839,/master/sign-in,595
2021-06-04 22:13:31.135,/master/welcome,600
2021-06-04 22:13:33.362,/master/welcome,281
2021-06-04 22:13:34.067,/master/welcome,593
2021-06-04 22:13:34.447,/master/welcome,298
2021-06-04 22:13:34.725,/master/welcome,252
2021-06-04 22:13:35.441,/master/sign-in,611
2021-06-04 22:13:36.737,/master/welcome,593
2021-06-04 22:13:37.562,/manageracc/task/list,593
2021-06-04 22:13:39.286,/manageracc/task/show,591
2021-06-04 22:13:40.666,/manageracc/task/list,765
2021-06-04 22:13:41.002,/master/welcome,296
2021-06-04 22:13:41.704,/master/welcome,595
2021-06-04 22:13:42.066,/master/welcome,282
2021-06-04 22:13:42.393,/master/welcome,298
2021-06-04 22:13:43.094,/master/sign-in,593
2021-06-04 22:13:44.404,/master/welcome,596
2021-06-04 22:13:45.221,/manageracc/task/list,602
2021-06-04 22:13:46.954,/manageracc/task/show,598
2021-06-04 22:13:48.061,/manageracc/task/list,631
2021-06-04 22:13:48.416,/master/welcome,325
2021-06-04 22:13:49.18,/master/welcome,592
2021-06-04 22:13:49.608,/master/welcome,340
2021-06-04 22:13:50.553,/master/welcome,407
2021-06-04 22:13:50.913,/master/welcome,341
2021-06-04 22:13:51.613,/master/sign-in,593
2021-06-04 22:13:52.922,/master/welcome,590
2021-06-04 22:13:53.613,/master/welcome,298
2021-06-04 22:13:54.309,/master/welcome,591
2021-06-04 22:13:54.622,/master/welcome,232
2021-06-04 22:13:54.905,/master/welcome,252
2021-06-04 22:13:55.596,/master/sign-in,585
2021-06-04 22:13:56.923,/master/welcome,630
2021-06-04 22:13:57.995,/master/welcome,600
2021-06-04 22:13:58.32,/master/welcome,270
2021-06-04 22:13:59.031,/master/welcome,600
2021-06-04 22:14:03.216,/master/welcome,389
2021-06-04 22:14:03.563,/master/welcome,318
2021-06-04 22:14:04.262,/master/sign-in,594
2021-06-04 22:14:05.6,/master/welcome,595
2021-06-04 22:14:07.822,/master/welcome,272
2021-06-04 22:14:08.52,/master/welcome,589
2021-06-04 22:14:08.857,/master/welcome,268
2021-06-04 22:14:09.201,/master/welcome,316
2021-06-04 22:14:09.934,/master/sign-in,611
2021-06-04 22:14:11.233,/master/welcome,594
2021-06-04 22:14:12.049,/manageracc/task/list,598
2021-06-04 22:14:12.875,/manageracc/task/show,595
2021-06-04 22:14:14.29,/manageracc/task/list,669
2021-06-04 22:14:15.109,/manageracc/task/show,591
2021-06-04 22:14:15.797,/master/welcome,231
2021-06-04 22:14:16.494,/master/welcome,593
2021-06-04 22:14:16.796,/master/welcome,228
2021-06-04 22:14:17.075,/master/welcome,252
2021-06-04 22:14:17.782,/master/sign-in,598
2021-06-04 22:14:19.147,/master/welcome,645
2021-06-04 22:14:20.217,/manageracc/task/list,789
2021-06-04 22:14:21.089,/manageracc/task/show,596
2021-06-04 22:14:23.486,/manageracc/task/list,623
2021-06-04 22:14:24.319,/manageracc/task/show,595
2021-06-04 22:14:25.036,/master/welcome,299
2021-06-04 22:14:25.749,/master/welcome,598
2021-06-04 22:14:26.259,/master/welcome,429
2021-06-04 22:14:26.728,/master/welcome,432
2021-06-04 22:14:27.461,/master/sign-in,609
2021-06-04 22:14:28.944,/master/welcome,613
2021-06-04 22:14:29.883,/manageracc/task/list,695
2021-06-04 22:14:30.711,/manageracc/task/show,594
2021-06-04 22:14:31.901,/manageracc/task/update,604
2021-06-04 22:14:32.412,/master/welcome,415
2021-06-04 22:14:33.146,/master/welcome,609
2021-06-04 22:14:33.632,/master/welcome,406
2021-06-04 22:14:34.036,/master/welcome,382
2021-06-04 22:14:34.756,/master/sign-in,595
2021-06-04 22:14:36.142,/master/welcome,594
2021-06-04 22:14:36.992,/manageracc/task/list,611
2021-06-04 22:14:37.825,/manageracc/task/show,598
2021-06-04 22:14:39.192,/manageracc/task/update,607
2021-06-04 22:14:39.553,/master/welcome,303
2021-06-04 22:14:40.305,/master/welcome,631
2021-06-04 22:14:40.686,/master/welcome,309
2021-06-04 22:14:41.021,/master/welcome,306
2021-06-04 22:14:41.726,/master/sign-in,598
2021-06-04 22:14:43.038,/master/welcome,599
2021-06-04 22:14:43.848,/manageracc/task/list,592
2021-06-04 22:14:44.68,/manageracc/task/show,598
2021-06-04 22:14:46.07,/manageracc/task/update,598
2021-06-04 22:14:46.434,/master/welcome,306
2021-06-04 22:14:47.162,/master/welcome,609
2021-06-04 22:14:47.51,/master/welcome,266
2021-06-04 22:14:47.822,/master/welcome,283
2021-06-04 22:14:48.522,/master/sign-in,589
2021-06-04 22:14:49.829,/master/welcome,574
2021-06-04 22:14:50.661,/manageracc/task/list,598
2021-06-04 22:14:51.504,/manageracc/task/show,596
2021-06-04 22:14:52.88,/manageracc/task/update,607
2021-06-04 22:14:53.161,/master/welcome,220
2021-06-04 22:14:53.912,/master/welcome,642
2021-06-04 22:14:54.206,/master/welcome,226
2021-06-04 22:14:54.477,/master/welcome,234
2021-06-04 22:14:55.173,/master/sign-in,593
2021-06-04 22:14:56.466,/master/welcome,595
2021-06-04 22:14:57.281,/manageracc/task/list,596
2021-06-04 22:14:58.109,/manageracc/task/show,597
2021-06-04 22:14:59.471,/manageracc/task/update,606
2021-06-04 22:14:59.765,/master/welcome,233
2021-06-04 22:15:00.468,/master/welcome,595
2021-06-04 22:15:00.907,/master/welcome,327
2021-06-04 22:15:01.317,/master/welcome,347
2021-06-04 22:15:02.049,/master/sign-in,591
2021-06-04 22:15:03.347,/master/welcome,591
2021-06-04 22:15:04.162,/manageracc/task/list,596
2021-06-04 22:15:04.989,/manageracc/task/show,596
2021-06-04 22:15:06.366,/manageracc/task/update,627
2021-06-04 22:15:06.646,/master/welcome,230
2021-06-04 22:15:07.358,/master/welcome,604
2021-06-04 22:15:11.467,/master/welcome,354
2021-06-04 22:15:11.795,/master/welcome,293
2021-06-04 22:15:12.492,/master/sign-in,592
2021-06-04 22:15:13.77,/master/welcome,595
2021-06-04 22:15:15.945,/master/welcome,236
2021-06-04 22:15:16.648,/master/welcome,598
2021-06-04 22:15:16.966,/master/welcome,248
2021-06-04 22:15:17.249,/master/welcome,245
2021-06-04 22:15:17.94,/master/sign-in,585
2021-06-04 22:15:19.258,/master/welcome,596
2021-06-04 22:15:20.068,/manageracc/task/list,593
2021-06-04 22:15:21.775,/manageracc/task/show,595
2021-06-04 22:15:22.457,/master/welcome,223
2021-06-04 22:15:23.176,/master/welcome,608
2021-06-04 22:15:23.491,/master/welcome,243
2021-06-04 22:15:23.754,/master/welcome,242
2021-06-04 22:15:24.455,/master/sign-in,592
2021-06-04 22:15:25.74,/master/welcome,585
2021-06-04 22:15:26.553,/manageracc/task/list,602
2021-06-04 22:15:28.297,/manageracc/task/show,593
2021-06-04 22:15:28.991,/master/welcome,243
2021-06-04 22:15:29.679,/master/welcome,580
2021-06-04 22:15:29.995,/master/welcome,246
2021-06-04 22:15:30.55,/master/welcome,256
2021-06-04 22:15:30.814,/master/welcome,236
2021-06-04 22:15:31.527,/master/sign-in,592
2021-06-04 22:15:32.844,/master/welcome,583
2021-06-04 22:15:33.445,/master/welcome,252
2021-06-04 22:15:34.145,/master/welcome,595
2021-06-04 22:15:38.337,/master/welcome,387
2021-06-04 22:15:38.684,/master/welcome,316
2021-06-04 22:15:39.381,/master/sign-in,592
2021-06-04 22:15:40.677,/master/welcome,594
2021-06-04 22:15:42.476,/master/welcome,327
2021-06-04 22:15:43.174,/master/welcome,592
2021-06-04 22:15:43.582,/master/welcome,333
2021-06-04 22:15:43.896,/master/welcome,282
2021-06-04 22:15:44.597,/master/sign-in,594
2021-06-04 22:15:45.96,/master/welcome,596
2021-06-04 22:15:46.786,/administrator/spamword/list,596
2021-06-04 22:15:47.836,/administrator/spamword/show,588
2021-06-04 22:15:48.631,/administrator/spamword/list,602
2021-06-04 22:15:49.838,/master/welcome,595
2021-06-04 22:15:50.131,/master/welcome,262
2021-06-04 22:15:50.835,/master/welcome,595
2021-06-04 22:15:51.163,/master/welcome,251
2021-06-04 22:15:51.448,/master/welcome,251
2021-06-04 22:15:52.148,/master/sign-in,595
2021-06-04 22:15:53.439,/master/welcome,591
2021-06-04 22:15:54.286,/administrator/spamword/list,624
2021-06-04 22:15:55.349,/administrator/spamword/show,597
2021-06-04 22:15:56.161,/administrator/spamword/list,624
2021-06-04 22:15:57.287,/master/welcome,595
2021-06-04 22:15:57.566,/master/welcome,251
2021-06-04 22:15:58.296,/master/welcome,624
2021-06-04 22:15:58.652,/master/welcome,279
2021-06-04 22:15:58.941,/master/welcome,256
2021-06-04 22:15:59.645,/master/sign-in,594
2021-06-04 22:16:00.909,/master/welcome,597
2021-06-04 22:16:01.724,/administrator/spamword/list,597
2021-06-04 22:16:02.772,/administrator/spamword/show,600
2021-06-04 22:16:03.546,/administrator/spamword/update,607
2021-06-04 22:16:04.164,/master/welcome,245
2021-06-04 22:16:04.86,/master/welcome,594
2021-06-04 22:16:05.159,/master/welcome,228
2021-06-04 22:16:05.73,/master/welcome,242
2021-06-04 22:16:05.999,/master/welcome,236
2021-06-04 22:16:06.702,/master/sign-in,600
2021-06-04 22:16:08.006,/master/welcome,590
2021-06-04 22:16:08.584,/master/welcome,251
2021-06-04 22:16:09.283,/master/welcome,590
2021-06-04 22:16:13.409,/master/welcome,360
2021-06-04 22:16:13.741,/master/welcome,302
2021-06-04 22:16:14.441,/master/sign-in,593
2021-06-04 22:16:15.737,/master/welcome,596
2021-06-04 22:16:17.967,/master/welcome,275
2021-06-04 22:16:18.662,/master/welcome,584
2021-06-04 22:16:18.992,/master/welcome,254
2021-06-04 22:16:19.29,/master/welcome,261
2021-06-04 22:16:20.035,/master/sign-in,620
2021-06-04 22:16:21.359,/master/welcome,598
2021-06-04 22:16:22.17,/administrator/spamword/create,593
2021-06-04 22:16:23.017,/master/welcome,596
2021-06-04 22:16:23.782,/administrator/spamword/list,600
2021-06-04 22:16:24.291,/master/welcome,246
2021-06-04 22:16:25.032,/master/welcome,594
2021-06-04 22:16:25.349,/master/welcome,240
2021-06-04 22:16:25.645,/master/welcome,273
2021-06-04 22:16:26.347,/master/sign-in,592
2021-06-04 22:16:27.633,/master/welcome,595
2021-06-04 22:16:28.46,/administrator/spamword/create,606
2021-06-04 22:16:29.346,/master/welcome,595
2021-06-04 22:16:30.112,/administrator/spamword/list,591
2021-06-04 22:16:30.602,/master/welcome,235
2021-06-04 22:16:31.3,/master/welcome,590
2021-06-04 22:16:31.601,/master/welcome,227
2021-06-04 22:16:31.867,/master/welcome,233
2021-06-04 22:16:32.591,/master/sign-in,618
2021-06-04 22:16:33.861,/master/welcome,592
2021-06-04 22:16:34.673,/administrator/spamword/create,594
2021-06-04 22:16:35.392,/administrator/spamword/create,597
2021-06-04 22:16:35.704,/master/welcome,252
2021-06-04 22:16:36.406,/master/welcome,594
2021-06-04 22:16:36.737,/master/welcome,256
2021-06-04 22:16:37.353,/master/welcome,276
2021-06-04 22:16:37.63,/master/welcome,257
2021-06-04 22:16:38.33,/master/sign-in,593
2021-06-04 22:16:39.6,/master/welcome,583
2021-06-04 22:16:40.289,/master/welcome,294
2021-06-04 22:16:40.984,/master/welcome,584
2021-06-04 22:16:45.115,/master/welcome,336
2021-06-04 22:16:45.459,/master/welcome,315
2021-06-04 22:16:46.16,/master/sign-in,593
2021-06-04 22:16:47.443,/master/welcome,595
2021-06-04 22:16:49.663,/master/welcome,268
2021-06-04 22:16:50.361,/master/welcome,592
2021-06-04 22:16:50.69,/master/welcome,245
2021-06-04 22:16:50.973,/master/welcome,252
2021-06-04 22:16:51.721,/master/sign-in,600
2021-06-04 22:16:53.066,/master/welcome,604
2021-06-04 22:16:54.099,/master/welcome,591
2021-06-04 22:16:54.927,/master/welcome,298
2021-06-04 22:16:55.628,/master/welcome,594
2021-06-04 22:16:55.989,/master/welcome,287
2021-06-04 22:16:56.604,/master/welcome,309
2021-06-04 22:16:56.907,/master/welcome,258
2021-06-04 22:16:57.597,/master/sign-in,589
2021-06-04 22:16:58.856,/master/welcome,595
2021-06-04 22:16:59.406,/master/welcome,234
2021-06-04 22:17:00.11,/master/welcome,595
2021-06-04 22:17:04.228,/master/welcome,354
2021-06-04 22:17:04.539,/master/welcome,277
2021-06-04 22:17:05.233,/master/sign-in,589
2021-06-04 22:17:06.509,/master/welcome,594
2021-06-04 22:17:08.7,/master/welcome,247
2021-06-04 22:17:09.394,/master/welcome,588
2021-06-04 22:17:09.74,/master/welcome,269
2021-06-04 22:17:10.023,/master/welcome,258
2021-06-04 22:17:10.74,/master/sign-in,613
2021-06-04 22:17:12.099,/master/welcome,595
2021-06-04 22:17:12.898,/administrator/spamword/list,585
2021-06-04 22:17:13.952,/administrator/spamword/show,589
2021-06-04 22:17:14.266,/master/welcome,227
2021-06-04 22:17:14.98,/master/welcome,606
2021-06-04 22:17:15.333,/master/welcome,270
2021-06-04 22:17:15.66,/master/welcome,299
2021-06-04 22:17:16.361,/master/sign-in,592
2021-06-04 22:17:17.642,/master/welcome,592
2021-06-04 22:17:18.459,/administrator/spamword/list,597
2021-06-04 22:17:19.503,/administrator/spamword/show,593
2021-06-04 22:17:19.865,/master/welcome,266
2021-06-04 22:17:20.57,/master/welcome,606
2021-06-04 22:17:20.887,/master/welcome,245
2021-06-04 22:17:21.145,/master/welcome,229
2021-06-04 22:17:21.844,/master/sign-in,595
2021-06-04 22:17:23.126,/master/welcome,597
2021-06-04 22:17:23.958,/administrator/spamword/list,597
2021-06-04 22:17:24.987,/administrator/spamword/show,588
2021-06-04 22:17:25.301,/master/welcome,227
2021-06-04 22:17:26.0,/master/welcome,591
2021-06-04 22:17:26.302,/master/welcome,224
2021-06-04 22:17:26.553,/master/welcome,223
2021-06-04 22:17:27.253,/master/sign-in,594
2021-06-04 22:17:28.546,/master/welcome,596
2021-06-04 22:17:29.368,/administrator/spamword/list,596
2021-06-04 22:17:30.41,/administrator/spamword/show,598
2021-06-04 22:17:30.738,/master/welcome,234
2021-06-04 22:17:31.44,/master/welcome,594
2021-06-04 22:17:31.756,/master/welcome,245
2021-06-04 22:17:32.342,/master/welcome,274
2021-06-04 22:17:32.623,/master/welcome,251
2021-06-04 22:17:33.342,/master/sign-in,591
2021-06-04 22:17:34.618,/master/welcome,591
2021-06-04 22:17:35.14,/master/welcome,225
2021-06-04 22:17:35.846,/master/welcome,596
2021-06-04 22:17:36.162,/master/welcome,238
2021-06-04 22:17:36.928,/anonymous/shout/create,599
2021-06-04 22:17:38.188,/master/welcome,597
2021-06-04 22:17:38.955,/anonymous/shout/list,594
2021-06-04 22:17:39.94,/master/welcome,269
2021-06-04 22:17:40.705,/anonymous/shout/create,599
2021-06-04 22:17:41.912,/anonymous/shout/create,597
2021-06-04 22:17:42.207,/master/welcome,217
2021-06-04 22:17:42.473,/master/welcome,243
2021-06-04 22:17:43.188,/master/sign-in,592
2021-06-04 22:17:44.452,/master/welcome,596
2021-06-04 22:17:45.267,/manageracc/task/create,595
2021-06-04 22:17:46.663,/master/welcome,632
2021-06-04 22:17:47.426,/manageracc/task/list,594
2021-06-04 22:17:49.129,/manageracc/task/show,597
2021-06-04 22:17:49.814,/master/welcome,235
2021-06-04 22:17:50.546,/master/welcome,631
2021-06-04 22:17:50.879,/master/welcome,254
2021-06-04 22:17:51.131,/master/welcome,226
2021-06-04 22:17:51.831,/master/sign-in,594
2021-06-04 22:17:53.098,/master/welcome,597
2021-06-04 22:17:53.915,/manageracc/task/create,596
2021-06-04 22:17:55.253,/master/welcome,592
2021-06-04 22:17:56.02,/manageracc/task/list,597
2021-06-04 22:17:57.717,/manageracc/task/show,597
2021-06-04 22:17:58.424,/master/welcome,254
2021-06-04 22:17:59.145,/master/welcome,598
2021-06-04 22:18:03.249,/master/welcome,340
2021-06-04 22:18:03.553,/master/welcome,275
2021-06-04 22:18:04.256,/master/sign-in,595
2021-06-04 22:18:05.541,/master/welcome,595
2021-06-04 22:18:07.743,/master/welcome,253
2021-06-04 22:18:08.449,/master/welcome,598
2021-06-04 22:18:08.782,/master/welcome,264
2021-06-04 22:18:09.535,/anonymous/shout/list,584
2021-06-04 22:18:10.789,/master/welcome,267
2021-06-04 22:18:11.567,/anonymous/shout/list,589
2021-06-04 22:18:12.765,/master/welcome,266
2021-06-04 22:18:13.003,/master/welcome,209
2021-06-04 22:18:13.708,/master/sign-in,597
2021-06-04 22:18:15.036,/master/welcome,600
2021-06-04 22:18:15.651,/master/welcome,295
2021-06-04 22:18:16.345,/master/welcome,592
2021-06-04 22:18:16.647,/master/welcome,231
2021-06-04 22:18:16.911,/master/welcome,233
2021-06-04 22:18:17.611,/master/sign-in,594
2021-06-04 22:18:18.887,/master/welcome,594
2021-06-04 22:18:19.441,/master/welcome,245
2021-06-04 22:18:20.142,/master/welcome,594
2021-06-04 22:18:24.226,/master/welcome,351
2021-06-04 22:18:24.576,/master/welcome,325
2021-06-04 22:18:25.279,/master/sign-in,593
2021-06-04 22:18:26.579,/master/welcome,599
2021-06-04 22:18:28.851,/master/welcome,251
2021-06-04 22:18:29.54,/master/welcome,581
2021-06-04 22:18:29.904,/master/welcome,284
2021-06-04 22:18:30.722,/anonymous/shout/create,644
2021-06-04 22:18:31.978,/master/welcome,593
2021-06-04 22:18:32.738,/anonymous/shout/list,595
2021-06-04 22:18:33.721,/master/welcome,260
2021-06-04 22:18:34.489,/anonymous/shout/create,580
2021-06-04 22:18:35.772,/anonymous/shout/create,609
2021-06-04 22:18:36.068,/master/welcome,221
2021-06-04 22:18:36.836,/anonymous/shout/create,599
2021-06-04 22:18:38.064,/anonymous/shout/create,589
2021-06-04 22:18:38.352,/master/welcome,209
2021-06-04 22:18:39.111,/anonymous/shout/create,590
2021-06-04 22:18:40.439,/anonymous/shout/create,592
2021-06-04 22:18:40.755,/master/welcome,235
2021-06-04 22:18:41.512,/anonymous/shout/create,592
2021-06-04 22:18:42.71,/anonymous/shout/create,591
2021-06-04 22:18:43.054,/master/welcome,240
2021-06-04 22:18:43.332,/master/welcome,258
2021-06-04 22:18:44.082,/master/sign-in,623
2021-06-04 22:18:45.369,/master/welcome,595
2021-06-04 22:18:46.0,/master/welcome,288
2021-06-04 22:18:46.698,/master/welcome,591
2021-06-04 22:18:47.035,/master/welcome,254
2021-06-04 22:18:47.299,/master/welcome,240
2021-06-04 22:18:48.035,/master/sign-in,630
2021-06-04 22:18:49.311,/master/welcome,594
2021-06-04 22:18:49.914,/master/welcome,258
2021-06-04 22:18:50.623,/master/welcome,591
2021-06-04 22:18:54.707,/master/welcome,343
2021-06-04 22:18:55.045,/master/welcome,305
2021-06-04 22:18:55.74,/master/sign-in,594
2021-06-04 22:18:57.025,/master/welcome,597
2021-06-04 22:18:59.223,/master/welcome,241
2021-06-04 22:18:59.926,/master/welcome,592
2021-06-04 22:19:00.252,/master/welcome,250
2021-06-04 22:19:00.535,/master/welcome,252
2021-06-04 22:19:01.237,/master/sign-in,595
2021-06-04 22:19:02.579,/master/welcome,595
2021-06-04 22:19:03.392,/authenticated/manager/create,593
2021-06-04 22:19:04.034,/master/welcome,582
2021-06-04 22:19:04.333,/master/welcome,259
2021-06-04 22:19:05.034,/master/welcome,592
2021-06-04 22:19:05.318,/master/welcome,206
2021-06-04 22:19:05.59,/master/welcome,240
2021-06-04 22:19:06.348,/master/sign-in,593
2021-06-04 22:19:07.624,/master/welcome,591
2021-06-04 22:19:12.027,/master/welcome,336
2021-06-04 22:19:12.376,/master/welcome,313
2021-06-04 22:19:13.071,/master/sign-in,587
2021-06-04 22:19:14.364,/master/welcome,591
2021-06-04 22:19:16.601,/master/welcome,260
2021-06-04 22:19:17.301,/master/welcome,591
2021-06-04 22:19:17.617,/master/welcome,232
2021-06-04 22:19:18.385,/anonymous/task/list,599
2021-06-04 22:19:20.412,/anonymous/task/show,582
2021-06-04 22:19:21.103,/master/welcome,270
2021-06-04 22:19:21.879,/anonymous/task/list,592
2021-06-04 22:19:23.813,/anonymous/task/show,582
2021-06-04 22:19:24.461,/master/welcome,233
2021-06-04 22:19:24.719,/master/welcome,233
2021-06-04 22:19:25.416,/master/sign-in,594
2021-06-04 22:19:26.68,/master/welcome,594
2021-06-04 22:19:27.244,/master/welcome,229
2021-06-04 22:19:27.949,/master/welcome,598
2021-06-04 22:19:28.297,/master/welcome,272
2021-06-04 22:19:28.576,/master/welcome,249
2021-06-04 22:19:29.272,/master/sign-in,591
2021-06-04 22:19:30.592,/master/welcome,596
2021-06-04 22:19:31.183,/master/welcome,256
2021-06-04 22:19:31.908,/master/welcome,594
2021-06-04 22:19:36.014,/master/welcome,367
2021-06-04 22:19:36.336,/master/welcome,292
2021-06-04 22:19:37.032,/master/sign-in,592
2021-06-04 22:19:38.326,/master/welcome,593
2021-06-04 22:19:40.547,/master/welcome,266
2021-06-04 22:19:41.255,/master/welcome,599
2021-06-04 22:19:41.571,/master/welcome,235
2021-06-04 22:19:41.848,/master/welcome,249
2021-06-04 22:19:42.588,/anonymous/user-account/create,606
2021-06-04 22:19:44.522,/master/welcome,596
2021-06-04 22:19:44.821,/master/welcome,240
2021-06-04 22:19:45.516,/master/sign-in,588
2021-06-04 22:19:46.846,/master/welcome,595
2021-06-04 22:19:47.664,/authenticated/user-account/update,599
2021-06-04 22:19:48.155,/master/welcome,209
2021-06-04 22:19:48.847,/master/welcome,590
2021-06-04 22:19:49.165,/master/welcome,248
2021-06-04 22:19:49.43,/master/welcome,237
2021-06-04 22:19:50.131,/anonymous/user-account/create,595
2021-06-04 22:19:51.941,/master/welcome,593
2021-06-04 22:19:52.24,/master/welcome,245
2021-06-04 22:19:52.939,/master/sign-in,591
2021-06-04 22:19:54.201,/master/welcome,592
2021-06-04 22:19:55.001,/authenticated/user-account/update,583
2021-06-04 22:19:55.49,/master/welcome,212
2021-06-04 22:19:56.257,/master/welcome,641
2021-06-04 22:19:56.545,/master/welcome,212
2021-06-04 22:19:56.793,/master/welcome,225
2021-06-04 22:19:57.492,/anonymous/user-account/create,595
2021-06-04 22:19:59.268,/master/welcome,592
2021-06-04 22:19:59.567,/master/welcome,233
2021-06-04 22:20:00.324,/master/sign-in,626
2021-06-04 22:20:01.603,/master/welcome,596
2021-06-04 22:20:02.419,/authenticated/user-account/update,597
2021-06-04 22:20:02.907,/master/welcome,213
2021-06-04 22:20:03.607,/master/welcome,596
2021-06-04 22:20:03.91,/master/welcome,219
2021-06-04 22:20:04.176,/master/welcome,238
2021-06-04 22:20:04.869,/anonymous/user-account/create,583
2021-06-04 22:20:06.651,/master/welcome,597
2021-06-04 22:20:06.932,/master/welcome,227
2021-06-04 22:20:07.63,/master/sign-in,592
2021-06-04 22:20:08.882,/master/welcome,583
2021-06-04 22:20:09.695,/authenticated/user-account/update,595
2021-06-04 22:20:10.177,/master/welcome,208
2021-06-04 22:20:10.877,/master/welcome,591
2021-06-04 22:20:11.164,/master/welcome,211
2021-06-04 22:20:11.431,/master/welcome,243
2021-06-04 22:20:12.12,/anonymous/user-account/create,582
2021-06-04 22:20:13.954,/master/welcome,595
2021-06-04 22:20:14.253,/master/welcome,242
2021-06-04 22:20:14.97,/master/sign-in,610
2021-06-04 22:20:16.236,/master/welcome,593
2021-06-04 22:20:17.045,/authenticated/user-account/update,592
2021-06-04 22:20:17.584,/master/welcome,226
2021-06-04 22:20:18.316,/master/welcome,591
2021-06-04 22:20:18.635,/master/welcome,247
2021-06-04 22:20:18.896,/master/welcome,240
2021-06-04 22:20:19.612,/anonymous/user-account/create,592
2021-06-04 22:20:21.385,/master/welcome,585
2021-06-04 22:20:21.678,/master/welcome,233
2021-06-04 22:20:22.399,/master/sign-in,602
2021-06-04 22:20:23.675,/master/welcome,583
2021-06-04 22:20:24.49,/authenticated/user-account/update,595
2021-06-04 22:20:24.951,/master/welcome,186
2021-06-04 22:20:25.643,/master/welcome,590
2021-06-04 22:20:25.927,/master/welcome,214
2021-06-04 22:20:26.212,/master/welcome,256
2021-06-04 22:20:26.944,/anonymous/user-account/create,597
2021-06-04 22:20:28.731,/master/welcome,584
2021-06-04 22:20:29.031,/master/welcome,233
2021-06-04 22:20:29.737,/master/sign-in,598
2021-06-04 22:20:31.002,/master/welcome,594
2021-06-04 22:20:31.803,/authenticated/user-account/update,585
2021-06-04 22:20:32.279,/master/welcome,190
2021-06-04 22:20:32.975,/master/welcome,597
2021-06-04 22:20:33.306,/master/welcome,253
2021-06-04 22:20:33.562,/master/welcome,233
2021-06-04 22:20:34.268,/anonymous/user-account/create,597
2021-06-04 22:20:36.157,/master/welcome,594
2021-06-04 22:20:36.454,/master/welcome,244
2021-06-04 22:20:37.154,/master/sign-in,594
2021-06-04 22:20:38.417,/master/welcome,596
2021-06-04 22:20:39.274,/authenticated/user-account/update,619
2021-06-04 22:20:39.77,/master/welcome,218
2021-06-04 22:20:40.473,/master/welcome,596
2021-06-04 22:20:40.775,/master/welcome,228
2021-06-04 22:20:41.04,/master/welcome,235
2021-06-04 22:20:41.741,/anonymous/user-account/create,595
2021-06-04 22:20:43.574,/master/welcome,611
2021-06-04 22:20:43.888,/master/welcome,258
2021-06-04 22:20:44.58,/master/sign-in,591
2021-06-04 22:20:45.854,/master/welcome,590
2021-06-04 22:20:46.672,/authenticated/user-account/update,598
2021-06-04 22:20:47.173,/master/welcome,211
2021-06-04 22:20:47.87,/master/welcome,590
2021-06-04 22:20:48.216,/master/welcome,270
2021-06-04 22:20:48.483,/master/welcome,234
2021-06-04 22:20:49.175,/anonymous/user-account/create,584
2021-06-04 22:20:50.981,/master/welcome,618
2021-06-04 22:20:51.308,/master/welcome,223
2021-06-04 22:20:52.012,/master/sign-in,596
2021-06-04 22:20:53.293,/master/welcome,592
2021-06-04 22:20:54.101,/authenticated/user-account/update,590
2021-06-04 22:20:54.575,/master/welcome,194
2021-06-04 22:20:55.281,/master/welcome,599
2021-06-04 22:20:55.594,/master/welcome,242
2021-06-04 22:20:55.85,/master/welcome,227
2021-06-04 22:20:56.551,/anonymous/user-account/create,596
2021-06-04 22:20:58.344,/master/welcome,593
2021-06-04 22:20:58.64,/master/welcome,238
2021-06-04 22:20:59.341,/master/sign-in,593
2021-06-04 22:21:00.64,/master/welcome,601
2021-06-04 22:21:01.444,/authenticated/user-account/update,583
2021-06-04 22:21:01.928,/master/welcome,204
2021-06-04 22:21:02.633,/master/welcome,597
2021-06-04 22:21:02.943,/master/welcome,241
2021-06-04 22:21:03.195,/master/welcome,221
2021-06-04 22:21:03.894,/anonymous/user-account/create,594
2021-06-04 22:21:05.704,/master/welcome,595
2021-06-04 22:21:06.002,/master/welcome,241
2021-06-04 22:21:06.702,/master/sign-in,592
2021-06-04 22:21:07.967,/master/welcome,593
2021-06-04 22:21:08.779,/authenticated/user-account/update,594
2021-06-04 22:21:09.246,/master/welcome,192
2021-06-04 22:21:09.937,/master/welcome,580
2021-06-04 22:21:10.257,/master/welcome,240
2021-06-04 22:21:10.897,/anonymous/user-account/create,583
2021-06-04 22:21:12.694,/anonymous/user-account/create,614
2021-06-04 22:21:12.975,/master/welcome,216
2021-06-04 22:21:13.645,/anonymous/user-account/create,608
2021-06-04 22:21:15.496,/anonymous/user-account/create,592
2021-06-04 22:21:15.809,/master/welcome,236
2021-06-04 22:21:16.461,/anonymous/user-account/create,592
2021-06-04 22:21:18.237,/anonymous/user-account/create,597
2021-06-04 22:21:18.55,/master/welcome,246
2021-06-04 22:21:19.201,/anonymous/user-account/create,590
2021-06-04 22:21:21.031,/anonymous/user-account/create,590
2021-06-04 22:21:21.346,/master/welcome,237
2021-06-04 22:21:22.0,/anonymous/user-account/create,590
2021-06-04 22:21:23.87,/anonymous/user-account/create,593
2021-06-04 22:21:24.187,/master/welcome,240
2021-06-04 22:21:24.84,/anonymous/user-account/create,593
2021-06-04 22:21:26.589,/anonymous/user-account/create,595
2021-06-04 22:21:26.904,/master/welcome,240
2021-06-04 22:21:27.56,/anonymous/user-account/create,594
2021-06-04 22:21:29.329,/anonymous/user-account/create,584
2021-06-04 22:21:29.611,/master/welcome,210
2021-06-04 22:21:30.264,/anonymous/user-account/create,593
2021-06-04 22:21:32.173,/anonymous/user-account/create,594
2021-06-04 22:21:32.456,/master/welcome,214
2021-06-04 22:21:33.106,/anonymous/user-account/create,592
2021-06-04 22:21:34.969,/anonymous/user-account/create,609
2021-06-04 22:21:35.282,/master/welcome,235
2021-06-04 22:21:35.94,/anonymous/user-account/create,596
2021-06-04 22:21:37.761,/anonymous/user-account/create,592
2021-06-04 22:21:38.124,/master/welcome,283
2021-06-04 22:21:38.766,/anonymous/user-account/create,577
2021-06-04 22:21:40.658,/anonymous/user-account/create,580
2021-06-04 22:21:44.647,/master/welcome,365
2021-06-04 22:21:44.967,/master/welcome,295
2021-06-04 22:21:45.666,/master/sign-in,591
2021-06-04 22:21:46.956,/master/welcome,584
2021-06-04 22:21:49.241,/master/welcome,279
2021-06-04 22:21:49.939,/master/welcome,589
2021-06-04 22:21:50.317,/master/welcome,301
2021-06-04 22:21:50.583,/master/welcome,243
2021-06-04 22:21:51.36,/master/sign-in,643
2021-06-04 22:21:52.698,/master/welcome,595
2021-06-04 22:21:53.503,/administrator/dashboard/list,595
2021-06-04 22:21:53.985,/master/welcome,250
2021-06-04 22:21:54.707,/master/welcome,595
2021-06-04 22:21:55.035,/master/welcome,260
2021-06-04 22:21:55.636,/master/welcome,239
2021-06-04 22:21:55.96,/master/welcome,291
2021-06-04 22:21:56.663,/master/sign-in,595
2021-06-04 22:21:57.935,/master/welcome,595
2021-06-04 22:21:58.49,/master/welcome,221
2021-06-04 22:21:59.203,/master/welcome,596
2021-06-04 22:22:03.312,/master/welcome,357
2021-06-04 22:22:03.616,/master/welcome,273
2021-06-04 22:22:04.313,/master/sign-in,591
2021-06-04 22:22:05.592,/master/welcome,595
2021-06-04 22:22:07.763,/master/welcome,224
2021-06-04 22:22:08.459,/master/welcome,592
2021-06-04 22:22:08.77,/master/welcome,238
2021-06-04 22:22:09.051,/master/welcome,251
2021-06-04 22:22:09.752,/master/sign-in,594
2021-06-04 22:22:11.077,/master/welcome,607
2021-06-04 22:22:11.887,/authenticated/user-account/update,596
2021-06-04 22:22:12.405,/master/welcome,226
2021-06-04 22:22:13.103,/master/welcome,589
2021-06-04 22:22:13.413,/master/welcome,234
2021-06-04 22:22:17.773,/master/welcome,322
2021-06-04 22:22:18.069,/master/welcome,270
2021-06-04 22:22:18.768,/master/sign-in,590
2021-06-04 22:22:20.06,/master/welcome,595
2021-06-04 22:22:22.289,/master/welcome,262
2021-06-04 22:22:22.994,/master/welcome,596
2021-06-04 22:22:23.354,/master/welcome,277
2021-06-04 22:22:23.745,/master/welcome,359
2021-06-04 22:22:24.504,/master/sign-in,633
2021-06-04 22:22:25.805,/master/welcome,595
2021-06-04 22:22:26.613,/authenticated/user-account/update,594
2021-06-04 22:22:28.006,/master/welcome,598
2021-06-04 22:22:28.778,/authenticated/user-account/update,587
2021-06-04 22:22:29.279,/master/welcome,219
2021-06-04 22:22:29.967,/master/welcome,580
2021-06-04 22:22:30.298,/master/welcome,255
2021-06-04 22:22:30.564,/master/welcome,243
2021-06-04 22:22:31.281,/master/sign-in,594
2021-06-04 22:22:32.579,/master/welcome,595
2021-06-04 22:22:33.455,/authenticated/user-account/update,643
2021-06-04 22:22:34.849,/authenticated/user-account/update,605
2021-06-04 22:22:35.123,/master/welcome,209
2021-06-04 22:22:35.826,/master/welcome,589
2021-06-04 22:22:36.127,/master/welcome,231
2021-06-04 22:22:36.379,/master/welcome,226
2021-06-04 22:22:37.085,/master/sign-in,599
2021-06-04 22:22:38.391,/master/welcome,594
2021-06-04 22:22:39.205,/authenticated/user-account/update,596
2021-06-04 22:22:40.407,/authenticated/user-account/update,595
2021-06-04 22:22:40.69,/master/welcome,222
2021-06-04 22:22:41.393,/master/welcome,594
2021-06-04 22:22:41.709,/master/welcome,244
2021-06-04 22:22:41.982,/master/welcome,244
2021-06-04 22:22:42.683,/master/sign-in,593
2021-06-04 22:22:43.959,/master/welcome,591
2021-06-04 22:22:44.76,/authenticated/user-account/update,581
2021-06-04 22:22:46.151,/authenticated/user-account/update,643
2021-06-04 22:22:46.424,/master/welcome,217
2021-06-04 22:22:47.119,/master/welcome,592
2021-06-04 22:22:47.433,/master/welcome,231
2021-06-04 22:22:47.693,/master/welcome,243
2021-06-04 22:22:48.393,/master/sign-in,595
2021-06-04 22:22:49.675,/master/welcome,585
2021-06-04 22:22:50.49,/authenticated/user-account/update,595
2021-06-04 22:22:51.926,/authenticated/user-account/update,597
2021-06-04 22:22:52.194,/master/welcome,202
2021-06-04 22:22:52.896,/master/welcome,595
